x,y,z,q0,q1,q2,q3,u,v,w,q,p,r,V_bs,l_cg,ds,dr,rpm_1,rpm_2
1.25,2.75,2.75,1.0,0.0,0.0,0.0,0.0,0.0,0.0,0.0,0.0,0.0,50.0,50.0,0.0,0.0,0.0,0.0
2.8898275244274463,3.173785605118689,2.766151834794045,0.9657356167175452,-0.0017122316002055953,-0.009594872565983688,0.2650824905737291,0.8596927555430222,-0.10795803203247659,-0.02724189648498953,0.04050489127434028,-0.01712522466975956,0.20051584456345883,21.0,50.0,0.0,-0.12217304763960307,400.0,400.0
4.58767527330648,4.519981627981465,2.812755784014745,0.8566270825575876,0.026745715267567593,-0.04105576993938571,0.522005697887799,1.7260904415579688,-0.3460836257502516,-0.09015564981266488,0.021249510246630455,-0.022489710764386318,0.405066526148201,36.0,72.5,0.0,-0.12217304763960307,800.0,800.0
